FoodCategory,FoodItem,per100grams,Cals_per100grams,KJ_per100grams,Average_Whole_Item_Weight_g
CannedFruit,Applesauce,100g,62,260 kJ,
CannedFruit,Canned Apricots,100g,48,202 kJ,
CannedFruit,Canned Blackberries,100g,92,386 kJ,
CannedFruit,Canned Blueberries,100g,88,370 kJ,
CannedFruit,Canned Cherries,100g,54,227 kJ,
CannedFruit,Canned Cranberries,100g,178,748 kJ,
CannedFruit,Canned Crushed Pineapple,100g,53,223 kJ,
CannedFruit,Canned Figs,100g,107,449 kJ,
CannedFruit,Canned Fruit Cocktail,100g,81,340 kJ,
CannedFruit,Canned Fruit Salad,100g,50,210 kJ,
CannedFruit,Canned Gooseberries,100g,73,307 kJ,
CannedFruit,Canned Grapefruit,100g,37,155 kJ,
CannedFruit,Canned Grapes,100g,76,319 kJ,
CannedFruit,Canned Mandarin Oranges,100g,71,298 kJ,
CannedFruit,Canned Mango,100g,65,273 kJ,
CannedFruit,Canned Mangosteen,100g,73,307 kJ,
CannedFruit,Canned Mixed Fruit,100g,71,298 kJ,
CannedFruit,Canned Morello Cherries,100g,81,340 kJ,
CannedFruit,Canned Oranges,100g,62,260 kJ,
CannedFruit,Canned Peaches,100g,54,227 kJ,
CannedFruit,Canned Pears,100g,35,147 kJ,
CannedFruit,Canned Pineapple,100g,60,252 kJ,
CannedFruit,Canned Plums,100g,58,244 kJ,
CannedFruit,Canned Raspberries,100g,91,382 kJ,
CannedFruit,Canned Sliced Pineapple,100g,53,223 kJ,
CannedFruit,Canned Sour Cherries,100g,114,479 kJ,
CannedFruit,Canned Strawberries,100g,92,386 kJ,
CannedFruit,Canned Tangerines,100g,61,256 kJ,
CannedFruit,Dried Fruit,100g,243,1021 kJ,
Fruits,Acai,100g,70,294 kJ,
Fruits,Apple,100g,52,218 kJ,
Fruits,Applesauce,100g,68,286 kJ,
Fruits,Apricot,100g,48,202 kJ,
Fruits,Avocado,100g,160,672 kJ,
Fruits,Banana,100g,89,374 kJ,
Fruits,Blackberries,100g,43,181 kJ,
Fruits,Blood Oranges,100g,50,210 kJ,
Fruits,Blueberries,100g,57,239 kJ,
Fruits,Cantaloupe,100g,34,143 kJ,
Fruits,Cherries,100g,50,210 kJ,
Fruits,Clementine,100g,47,197 kJ,
Fruits,Cranberries,100g,46,193 kJ,
Fruits,Currants,100g,56,235 kJ,
Fruits,Custard Apple,100g,101,424 kJ,
Fruits,Dates,100g,282,1184 kJ,
Fruits,Figs,100g,74,311 kJ,
Fruits,Fruit salad,100g,50,210 kJ,
Fruits,Grapes,100g,69,290 kJ,
Fruits,Greengage,100g,41,172 kJ,
Fruits,Guava,100g,68,286 kJ,
Fruits,Jackfruit,100g,95,399 kJ,
Fruits,Jujube,100g,79,332 kJ,
Fruits,Kiwi,100g,61,256 kJ,
Fruits,Lemon,100g,29,122 kJ,
Fruits,Lime,100g,30,126 kJ,
Fruits,Lychees,100g,66,277 kJ,
Fruits,Mandarin Oranges,100g,53,223 kJ,
Fruits,Mango,100g,60,252 kJ,
Fruits,Minneola,100g,64,269 kJ,
Fruits,Mulberries,100g,43,181 kJ,
Fruits,Nectarine,100g,44,185 kJ,
Fruits,Olives,100g,115,483 kJ,
Fruits,Orange,100g,47,197 kJ,
Fruits,Papaya,100g,43,181 kJ,
Fruits,Passion Fruit,100g,97,407 kJ,
Fruits,Peach,100g,39,164 kJ,
Fruits,Pear,100g,57,239 kJ,
Fruits,Persimmon,100g,127,533 kJ,
Fruits,Physalis,100g,49,206 kJ,
Fruits,Pineapple,100g,50,210 kJ,
Fruits,Plantains,100g,122,512 kJ,
Fruits,Plum,100g,46,193 kJ,
Fruits,Pomegranate,100g,83,349 kJ,
Fruits,Quince,100g,57,239 kJ,
Fruits,Raisins,100g,299,1256 kJ,
Fruits,Rambutan,100g,82,344 kJ,
Fruits,Raspberries,100g,52,218 kJ,
Fruits,Rhubarb,100g,21,88 kJ,
Fruits,Starfruit,100g,31,130 kJ,
Fruits,Strawberries,100g,32,134 kJ,
Fruits,Tamarind,100g,239,1004 kJ,
Fruits,Tangerine,100g,53,223 kJ,
Fruits,Watermelon,100g,30,126 kJ,
Tropical&ExoticFruits,Acerola,100g,32,134 kJ,
Tropical&ExoticFruits,Asian Pear,100g,42,176 kJ,
Tropical&ExoticFruits,Avocado,100g,160,672 kJ,
Tropical&ExoticFruits,Banana,100g,89,374 kJ,
Tropical&ExoticFruits,Breadfruit,100g,103,433 kJ,
Tropical&ExoticFruits,Cantaloupe Melon,100g,34,143 kJ,
Tropical&ExoticFruits,Casaba Melon,100g,28,118 kJ,
Tropical&ExoticFruits,Cherimoya,100g,75,315 kJ,
Tropical&ExoticFruits,Dragon Fruit,100g,60,252 kJ,
Tropical&ExoticFruits,Durian,100g,147,617 kJ,
Tropical&ExoticFruits,Feijoa,100g,55,231 kJ,
Tropical&ExoticFruits,Galia Melon,100g,23,97 kJ,
Tropical&ExoticFruits,Grapefruit,100g,42,176 kJ,
Tropical&ExoticFruits,Guava,100g,68,286 kJ,
Tropical&ExoticFruits,Honeydew,100g,36,151 kJ,
Tropical&ExoticFruits,Jackfruit,100g,95,399 kJ,
Tropical&ExoticFruits,Kiwi,100g,61,256 kJ,
Tropical&ExoticFruits,Kumquat,100g,71,298 kJ,
Tropical&ExoticFruits,Lychee,100g,66,277 kJ,
Tropical&ExoticFruits,Mandarin Oranges,100g,53,223 kJ,
Tropical&ExoticFruits,Mango,100g,60,252 kJ,
Tropical&ExoticFruits,Mangosteen,100g,73,307 kJ,
Tropical&ExoticFruits,Maracuya,100g,97,407 kJ,
Tropical&ExoticFruits,Maraschino Cherries,100g,165,693 kJ,
Tropical&ExoticFruits,Muskmelon,100g,34,143 kJ,
Tropical&ExoticFruits,Noni,100g,53,223 kJ,
Tropical&ExoticFruits,Passion Fruit,100g,97,407 kJ,
Tropical&ExoticFruits,Pineapple,100g,50,210 kJ,
Tropical&ExoticFruits,Pink Grapefruit,100g,42,176 kJ,
Tropical&ExoticFruits,Plantain,100g,122,512 kJ,
Tropical&ExoticFruits,Pomegranate,100g,83,349 kJ,
Tropical&ExoticFruits,Pomelo,100g,38,160 kJ,
Tropical&ExoticFruits,Prickly Pear,100g,41,172 kJ,
Tropical&ExoticFruits,Rambutan,100g,82,344 kJ,
Tropical&ExoticFruits,Sapodilla,100g,83,349 kJ,
Tropical&ExoticFruits,Soursop Fruit,100g,66,277 kJ,
Tropical&ExoticFruits,Star Fruit,100g,31,130 kJ,
Tropical&ExoticFruits,Tamarind,100g,239,1004 kJ,
Tropical&ExoticFruits,Watermelon,100g,30,126 kJ,
PotatoProducts,All-blue Potatoes,100g,61,256 kJ,
PotatoProducts,Baked Potato,100g,93,391 kJ,
PotatoProducts,Boiled Potatoes,100g,87,365 kJ,
PotatoProducts,Cassava,100g,160,672 kJ,
PotatoProducts,Croquettes,100g,127,533 kJ,
PotatoProducts,Dumpling Dough,100g,124,521 kJ,
PotatoProducts,Dumplings,100g,124,521 kJ,
PotatoProducts,French Fingerling Potatoes,100g,82,344 kJ,
PotatoProducts,French Fries,100g,312,1310 kJ,117.0
PotatoProducts,Fried Potatoes,100g,312,1310 kJ,
PotatoProducts,Gnocchi,100g,133,559 kJ,
PotatoProducts,Japanese Sweet Potatoes,100g,87,365 kJ,
PotatoProducts,Marrow Dumplings,100g,424,1781 kJ,
PotatoProducts,Mashed Potatoes,100g,89,374 kJ,
PotatoProducts,Norland Red Potatoes,100g,89,374 kJ,
PotatoProducts,Omelette,100g,154,647 kJ,180.0
PotatoProducts,Potato,100g,77,323 kJ,
PotatoProducts,Potato Dumpling,100g,124,521 kJ,
PotatoProducts,Potato Fritter,100g,185,777 kJ,
PotatoProducts,Potato Gratin,100g,132,554 kJ,
PotatoProducts,Potato Pancakes,100g,268,1126 kJ,100.0
PotatoProducts,Potato Salad,100g,143,601 kJ,
PotatoProducts,Potato Starch,100g,331,1390 kJ,
PotatoProducts,Potato Sticks,100g,522,2192 kJ,
PotatoProducts,Potato Waffles,100g,167,701 kJ,75.0
PotatoProducts,Potato Wedges,100g,123,517 kJ,
PotatoProducts,Potatoes au Gratin,100g,132,554 kJ,
PotatoProducts,Purple Majesty Potatoes,100g,72,302 kJ,
PotatoProducts,Red Gold Potatoes,100g,89,374 kJ,
PotatoProducts,Red Potatoes,100g,89,374 kJ,
PotatoProducts,Roast Potatoes,100g,149,626 kJ,
PotatoProducts,Rosemary Potatoes,100g,93,391 kJ,
PotatoProducts,Rösti,100g,138,580 kJ,
PotatoProducts,Russet Potatoes,100g,97,407 kJ,
PotatoProducts,Russian Banana Potatoes,100g,67,281 kJ,
PotatoProducts,Sweet Potato,100g,92,386 kJ,
PotatoProducts,White Potatoes,100g,94,395 kJ,
PotatoProducts,Yams,100g,116,487 kJ,
PotatoProducts,Yukon Gold Potatoes,100g,82,344 kJ,
Vegetables,Artichoke,100g,47,197 kJ,
Vegetables,Arugula,100g,25,105 kJ,
Vegetables,Asparagus,100g,20,84 kJ,
Vegetables,Aubergine,100g,25,105 kJ,
Vegetables,Beetroot,100g,43,181 kJ,
Vegetables,Bell Pepper,100g,20,84 kJ,
Vegetables,Black Olives,100g,115,483 kJ,
Vegetables,Broccoli,100g,34,143 kJ,
Vegetables,Brussels Sprouts,100g,43,181 kJ,
Vegetables,Cabbage,100g,25,105 kJ,
Vegetables,Capsicum,100g,27,113 kJ,
Vegetables,Carrot,100g,41,172 kJ,
Vegetables,Cauliflower,100g,25,105 kJ,
Vegetables,Celery,100g,16,67 kJ,
Vegetables,Chard,100g,19,80 kJ,
Vegetables,Cherry Tomato,100g,100,420 kJ,
Vegetables,Chicory,100g,72,302 kJ,
Vegetables,Chinese Cabbage,100g,16,67 kJ,
Vegetables,Chives,100g,30,126 kJ,
Vegetables,Collard Greens,100g,32,134 kJ,
Vegetables,Corn,100g,365,1533 kJ,
Vegetables,Courgette,100g,17,71 kJ,
Vegetables,Creamed Spinach,100g,74,311 kJ,
Vegetables,Cucumber,100g,16,67 kJ,
Vegetables,Eggplant,100g,25,105 kJ,
Vegetables,Endive,100g,17,71 kJ,
Vegetables,Fennel,100g,31,130 kJ,
Vegetables,Garlic,100g,149,626 kJ,
Vegetables,Gherkin,100g,14,59 kJ,
Vegetables,Gourd,100g,14,59 kJ,
Vegetables,Green Beans,100g,31,130 kJ,
Vegetables,Green Olives,100g,115,483 kJ,
Vegetables,Green Onion,100g,32,134 kJ,
Vegetables,Horseradish,100g,48,202 kJ,
Vegetables,Kale,100g,49,206 kJ,
Vegetables,Kohlrabi,100g,27,113 kJ,
Vegetables,Kumara,100g,86,361 kJ,
Vegetables,Leek,100g,61,256 kJ,
Vegetables,Lettuce,100g,15,63 kJ,
Vegetables,Mushrooms,100g,22,92 kJ,
Vegetables,Mustard Greens,100g,27,113 kJ,
Vegetables,Nori,100g,35,147 kJ,
Vegetables,Okra,100g,33,139 kJ,
Vegetables,Olives,100g,115,483 kJ,
Vegetables,Onion,100g,40,168 kJ,
Vegetables,Parsnips,100g,75,315 kJ,
Vegetables,Peas,100g,81,340 kJ,
Vegetables,Pepper,100g,27,113 kJ,
Vegetables,Potato,100g,77,323 kJ,
Vegetables,Pumpkin,100g,26,109 kJ,
Vegetables,Radishes,100g,16,67 kJ,
Vegetables,Red Cabbage,100g,31,130 kJ,
Vegetables,Rutabaga,100g,38,160 kJ,
Vegetables,Shallots,100g,72,302 kJ,
Vegetables,Spinach,100g,23,97 kJ,
Vegetables,Squash,100g,45,189 kJ,
Vegetables,Sweet Potato,100g,86,361 kJ,
Vegetables,Tomato,100g,18,76 kJ,
Vegetables,Turnip Greens,100g,20,84 kJ,
Vegetables,Turnips,100g,28,118 kJ,
Vegetables,Wasabi,100g,109,458 kJ,
Vegetables,Winter Squash,100g,34,143 kJ,
Vegetables,Zucchini,100g,17,71 kJ,
FastFood,Arby’s Grand Turkey Club,100g,210,882 kJ,
FastFood,Arby’s Reuben,100g,208,874 kJ,280.0
FastFood,Arby’s Roast Beef Classic,100g,234,983 kJ,150.0
FastFood,Arby’s Roast Beef Max,100g,234,983 kJ,225.0
FastFood,BBQ Rib,100g,212,890 kJ,220.0
FastFood,Bean Burrito,100g,200,840 kJ,200.0
FastFood,Big N’ Tasty,100g,223,937 kJ,250.0
FastFood,Bratwurst,100g,333,1399 kJ,150.0
FastFood,Burger King Angry Whopper,100g,255,1071 kJ,290.0
FastFood,Burger King Double Whopper,100g,239,1004 kJ,360.0
FastFood,Burger King Double Whopper with Cheese,100g,249,1046 kJ,380.0
FastFood,Burger King Original Chicken Sandwich,100g,301,1264 kJ,240.0
FastFood,Burger King Premium Alaskan Fish Sandwich,100g,259,1088 kJ,230.0
FastFood,Burger King Triple Whopper,100g,269,1130 kJ,400.0
FastFood,Burger King Whopper,100g,231,970 kJ,270.0
FastFood,Burger King Whopper Jr.,100g,234,983 kJ,160.0
FastFood,Burger King Whopper with Cheese,100g,241,1012 kJ,270.0
FastFood,Cheeseburger,100g,263,1105 kJ,250.0
FastFood,Chicken Breast,100g,163,685 kJ,170.0
FastFood,Chicken Fajita,100g,147,617 kJ,200.0
FastFood,Chicken McNuggets,100g,302,1268 kJ,100.0
FastFood,Chicken Nuggets,100g,296,1243 kJ,20.0
FastFood,Chicken Pizziola,100g,141,592 kJ,
FastFood,Chicken Sandwich,100g,241,1012 kJ,240.0
FastFood,Chicken Teriyaki Sandwich,100g,138,580 kJ,
FastFood,Chicken Wings,100g,324,1361 kJ,100.0
FastFood,Chop Suey,100g,172,722 kJ,
FastFood,Curly Fries,100g,311,1306 kJ,
FastFood,Double Cheeseburger,100g,267,1121 kJ,250.0
FastFood,Egg Roll,100g,250,1050 kJ,
FastFood,Falafel,100g,335,1407 kJ,
FastFood,Filet-o-Fish,100g,282,1184 kJ,
FastFood,Fish and Chips,100g,195,819 kJ,
FastFood,Fish Sandwich,100g,273,1147 kJ,
FastFood,French Fries,100g,312,1310 kJ,117.0
FastFood,Grilled Chicken Salad,100g,88,370 kJ,
FastFood,Ham Sandwich,100g,241,1012 kJ,
FastFood,Hamburger,100g,254,1067 kJ,
FastFood,Hot Dog,100g,269,1130 kJ,150.0
FastFood,Italian BMT,100g,183,769 kJ,
FastFood,Lasagna,100g,132,554 kJ,
FastFood,McDonald’s Big Mac,100g,256,1075 kJ,
FastFood,McDonald’s Cheeseburger,100g,263,1105 kJ,250.0
FastFood,McDonald’s Chicken Nuggets,100g,297,1247 kJ,20.0
FastFood,McDonald’s Double Cheeseburger,100g,282,1184 kJ,250.0
FastFood,McDonald’s Filet-o-Fish,100g,275,1155 kJ,
FastFood,McDonald’s McChicken,100g,251,1054 kJ,
FastFood,McDonald’s McDouble,100g,252,1058 kJ,
FastFood,McDonald’s McMuffi Egg,100g,225,945 kJ,
FastFood,McDonald’s McRib,100g,265,1113 kJ,
FastFood,McDonald’s Mighty Wings,100g,308,1294 kJ,
FastFood,McRib,100g,265,1113 kJ,
FastFood,Meatball Sandwich,100g,161,676 kJ,
FastFood,Nachos with Cheese,100g,306,1285 kJ,
FastFood,Onion Rings,100g,411,1726 kJ,
FastFood,Smoked Salmon,100g,158,664 kJ,
FastFood,Spicy Italian,100g,219,920 kJ,
FastFood,Subway Club Sandwich,100g,131,550 kJ,
FastFood,Tortilla Wrap,100g,271,1138 kJ,
FastFood,Tuna,100g,86,361 kJ,
FastFood,Turkey,100g,104,437 kJ,
FastFood,Veggie Burger,100g,181,760 kJ,
FastFood,Veggie Delight,100g,138,580 kJ,
FastFood,Veggie Patty,100g,390,1638 kJ,
FastFood,Wendy’s Baconator,100g,304,1277 kJ,
FastFood,Wendy’s Jr. Bacon Cheeseburger,100g,261,1096 kJ,250.0
FastFood,Wendy’s Jr. Cheeseburger,100g,225,945 kJ,250.0
FastFood,Wendy’s Son of Baconator,100g,321,1348 kJ,
FastFood,Whopper,100g,231,970 kJ,
FastFood,Zinger,100g,256,1075 kJ,
FastFood,Zinger Burger,100g,256,1075 kJ,
FastFood,Poutine,100g,227,953 kJ,
Pizza,BBQ Chicken Pizza,100g,234,983 kJ,120.0
Pizza,BBQ Pizza,100g,224,941 kJ,120.0
Pizza,Beef Pizza,100g,304,1277 kJ,120.0
Pizza,Bianca Pizza,100g,246,1033 kJ,120.0
Pizza,Buffalo Chicken Pizza,100g,252,1058 kJ,120.0
Pizza,Calabrese Pizza,100g,235,987 kJ,120.0
Pizza,Calzone,100g,231,970 kJ,
Pizza,Capricciosa Pizza,100g,260,1092 kJ,120.0
Pizza,Cheese Pizza,100g,267,1121 kJ,120.0
Pizza,Chicken Pizza,100g,234,983 kJ,120.0
Pizza,Deep Dish Pizza,100g,265,1113 kJ,120.0
Pizza,Dominos Philly Cheese Steak Pizza,100g,224,941 kJ,120.0
Pizza,Four Cheese Pizza,100g,221,928 kJ,120.0
Pizza,Goat Cheese Pizza,100g,219,920 kJ,120.0
Pizza,Grilled Pizza,100g,226,949 kJ,120.0
Pizza,Hawaiian Pizza,100g,115,483 kJ,120.0
Pizza,Margherita Pizza,100g,275,1155 kJ,120.0
Pizza,Mozzarella Pizza,100g,249,1046 kJ,120.0
Pizza,Mushroom Pizza,100g,212,890 kJ,120.0
Pizza,Napoli Pizza,100g,202,848 kJ,120.0
Pizza,New York Style Pizza,100g,169,710 kJ,120.0
Pizza,Pepperoni Pizza,100g,255,1071 kJ,120.0
Pizza,Pizza Dough,100g,228,958 kJ,120.0
Pizza,Pizza Hut Stuffed Crust Pizza,100g,255,1071 kJ,120.0
Pizza,Pizza Hut Supreme Pizza,100g,248,1042 kJ,120.0
Pizza,Pizza Rolls,100g,247,1037 kJ,120.0
Pizza,Quattro Formaggi Pizza,100g,248,1042 kJ,120.0
Pizza,Red Pepper Pizza,100g,192,806 kJ,120.0
Pizza,Salami Pizza,100g,255,1071 kJ,120.0
Pizza,Sausage Pizza,100g,246,1033 kJ,120.0
Pizza,Seafood Pizza,100g,245,1029 kJ,120.0
Pizza,Shrimp Pizza,100g,209,878 kJ,120.0
Pizza,Sicilian Pizza,100g,241,1012 kJ,120.0
Pizza,Spinach Feta Pizza,100g,242,1016 kJ,120.0
Pizza,Spinach Pizza,100g,234,983 kJ,120.0
Pizza,Stuffed Crust Pizza,100g,255,1071 kJ,120.0
Pizza,Tarte Flambée,100g,253,1063 kJ,
Pizza,Thin Crust Pizza,100g,261,1096 kJ,120.0
Pizza,Tuna Pizza,100g,254,1067 kJ,120.0
Pizza,Vegetable Pizza,100g,256,1075 kJ,120.0
Pizza,Vegetarian Pizza,100g,256,1075 kJ,120.0
Pizza,Veggie Pizza,100g,231,970 kJ,120.0
Pizza,White Pizza,100g,246,1033 kJ,120.0
Cheese,American Cheese,100g,148,622 kJ,20.0
Cheese,Applewood,100g,410,1722 kJ,
Cheese,Asiago Cheese,100g,392,1646 kJ,
Cheese,Babybel,100g,333,1399 kJ,
Cheese,Blue Cheese,100g,353,1483 kJ,28.0
Cheese,Brie,100g,334,1403 kJ,
Cheese,Camembert,100g,300,1260 kJ,
Cheese,Cheddar,100g,403,1693 kJ,
Cheese,Cheese Fondue,100g,228,958 kJ,
Cheese,Cheese Spread,100g,290,1218 kJ,
Cheese,Cheese Whiz,100g,276,1159 kJ,
Cheese,Chester,100g,387,1625 kJ,
Cheese,Colby Cheese,100g,394,1655 kJ,
Cheese,Colby-Jack Cheese,100g,394,1655 kJ,
Cheese,Cottage Cheese,100g,98,412 kJ,
Cheese,Dutch Cheese,100g,393,1651 kJ,
Cheese,Edam Cheese,100g,357,1499 kJ,
Cheese,Emmentaler,100g,357,1499 kJ,
Cheese,Feta,100g,264,1109 kJ,
Cheese,Fontina,100g,389,1634 kJ,
Cheese,Fresh Mozzarella,100g,280,1176 kJ,
Cheese,Gjetost,100g,466,1957 kJ,
Cheese,Goat Cheese,100g,364,1529 kJ,
Cheese,Gorgonzola,100g,350,1470 kJ,
Cheese,Gouda,100g,356,1495 kJ,
Cheese,Grated Parmesan,100g,431,1810 kJ,
Cheese,Grilled Cheese,100g,350,1470 kJ,
Cheese,Gruyere,100g,413,1735 kJ,
Cheese,Halloumi,100g,321,1348 kJ,
Cheese,Havarti,100g,371,1558 kJ,
Cheese,Italian Cheese,100g,397,1667 kJ,
Cheese,Jarlsberg,100g,352,1478 kJ,
Cheese,Maasdam Cheese,100g,344,1445 kJ,
Cheese,Manchego Cheese,100g,320,1344 kJ,
Cheese,Monterey,100g,373,1567 kJ,
Cheese,Monterey Jack Cheese,100g,373,1567 kJ,
Cheese,Mozzarella,100g,280,1176 kJ,
Cheese,Muenster Cheese,100g,368,1546 kJ,
Cheese,Neufchatel,100g,253,1063 kJ,
Cheese,Parmesan,100g,431,1810 kJ,
Cheese,Pecorino,100g,387,1625 kJ,
Cheese,Provolone,100g,351,1474 kJ,
Cheese,Raclette Cheese,100g,357,1499 kJ,
Cheese,Ricotta,100g,174,731 kJ,
Cheese,Romano,100g,387,1625 kJ,
Cheese,Roquefort,100g,369,1550 kJ,
Cheese,Sheep Cheese,100g,364,1529 kJ,
Cheese,Soft Cheese,100g,268,1126 kJ,
Cheese,Stilton Cheese,100g,393,1651 kJ,
Cheese,String Cheese,100g,250,1050 kJ,
Cheese,Swiss Cheese,100g,380,1596 kJ,28.0
Cheese,White Cheddar,100g,403,1693 kJ,
Cheese,Wisconsin Cheese,100g,389,1634 kJ,
CreamCheese,Chive Cream Cheese,100g,342,1436 kJ,
CreamCheese,Cottage Cheese,100g,98,412 kJ,
CreamCheese,Cream Cheese,100g,342,1436 kJ,
CreamCheese,Cream Cheese with Herbs,100g,342,1436 kJ,
CreamCheese,Feta Cream Cheese,100g,342,1436 kJ,
CreamCheese,Garlic Cream Cheese,100g,342,1436 kJ,
CreamCheese,Goat Cheese,100g,364,1529 kJ,
CreamCheese,Horseradish,100g,48,202 kJ,
CreamCheese,Mascarpone,100g,450,1890 kJ,
CreamCheese,Obatzda,100g,303,1273 kJ,
CreamCheese,Olive Cream Cheese,100g,342,1436 kJ,
CreamCheese,Pesto Cream Cheese,100g,342,1436 kJ,
CreamCheese,Philadelphia Cream Cheese,100g,342,1436 kJ,
CreamCheese,Pineapple Cream Cheese,100g,342,1436 kJ,
CreamCheese,Salmon Cream Cheese,100g,342,1436 kJ,
CreamCheese,Vegetable Cream Cheese,100g,342,1436 kJ,
CreamCheese,Walnut Cream Cheese,100g,342,1436 kJ,
Milk&DairyProducts,Almond Milk,100ml,17,71 kJ,
Milk&DairyProducts,Buttermilk,100ml,62,260 kJ,
Milk&DairyProducts,Chocolate Mousse,100g,225,945 kJ,
Milk&DairyProducts,Coconut Milk,100ml,230,966 kJ,
Milk&DairyProducts,Coffee Creamer,100g,195,819 kJ,
Milk&DairyProducts,Condensed Milk,100g,321,1348 kJ,
Milk&DairyProducts,Cottage Cheese,100g,98,412 kJ,
Milk&DairyProducts,Cream,100g,242,1016 kJ,
Milk&DairyProducts,Creme Fraiche,100g,393,1651 kJ,
Milk&DairyProducts,Curd,100g,98,412 kJ,
Milk&DairyProducts,Custard,100g,122,512 kJ,
Milk&DairyProducts,Evaporated Milk,100g,135,567 kJ,
Milk&DairyProducts,Goat Milk,100g,69,290 kJ,
Milk&DairyProducts,Hot Chocolate,100ml,89,374 kJ,
Milk&DairyProducts,Kefir,100ml,55,231 kJ,
Milk&DairyProducts,Lactose-free Milk,100ml,52,218 kJ,
Milk&DairyProducts,Lassi,100ml,75,315 kJ,
Milk&DairyProducts,Milk,100ml,61,256 kJ,
Milk&DairyProducts,Plain Yogurt,100g,61,256 kJ,
Milk&DairyProducts,Powdered Milk,100g,496,2083 kJ,
Milk&DairyProducts,Quark,100g,145,609 kJ,
Milk&DairyProducts,Rice Milk,100ml,49,206 kJ,
Milk&DairyProducts,Rice Pudding,100g,118,496 kJ,
Milk&DairyProducts,Semi-skimmed Milk,100ml,50,210 kJ,
Milk&DairyProducts,Semolina Pudding,100g,67,281 kJ,
Milk&DairyProducts,Skim Milk,100ml,35,147 kJ,
Milk&DairyProducts,Sour Cream,100g,181,760 kJ,
Milk&DairyProducts,Soy Milk,100ml,45,189 kJ,
Milk&DairyProducts,Sweetened Condensed Milk,100ml,321,1348 kJ,
Milk&DairyProducts,Tzatziki,100g,117,491 kJ,
Milk&DairyProducts,Whipped Cream,100g,257,1079 kJ,
Milk&DairyProducts,Whole Milk,100ml,61,256 kJ,
Milk&DairyProducts,Yogurt,100g,61,256 kJ,
SlicedCheese,American Cheese,100g,148,622 kJ,20.0
SlicedCheese,Applewood,100g,410,1722 kJ,
SlicedCheese,Bergkäse,100g,418,1756 kJ,
SlicedCheese,Butter Cheese,100g,388,1630 kJ,
SlicedCheese,Cheddar,100g,403,1693 kJ,
SlicedCheese,Cheese Platter,100g,357,1499 kJ,
SlicedCheese,Cheese Slices,100g,356,1495 kJ,
SlicedCheese,Colby Cheese,100g,394,1655 kJ,
SlicedCheese,Colby-Jack Cheese,100g,394,1655 kJ,
SlicedCheese,Cold Pack Cheese,100g,246,1033 kJ,
SlicedCheese,Edam,100g,357,1499 kJ,
SlicedCheese,Edam Cheese,100g,357,1499 kJ,
SlicedCheese,Emmental,100g,357,1499 kJ,
SlicedCheese,Emmentaler,100g,357,1499 kJ,
SlicedCheese,Esrom (Cheese),100g,322,1352 kJ,
SlicedCheese,Fol Epi,100g,388,1630 kJ,
SlicedCheese,Fresh Mozzarella,100g,280,1176 kJ,
SlicedCheese,Gouda,100g,356,1495 kJ,
SlicedCheese,Gouda Cheese,100g,356,1495 kJ,
SlicedCheese,Havarti,100g,371,1558 kJ,
SlicedCheese,Lacy Swiss Cheese,100g,321,1348 kJ,28.0
SlicedCheese,Leerdammer,100g,284,1193 kJ,
SlicedCheese,Leerdammer Cheese,100g,284,1193 kJ,
SlicedCheese,Maasdam Cheese,100g,344,1445 kJ,
SlicedCheese,Monterey Jack Cheese,100g,373,1567 kJ,
SlicedCheese,Mozzarella,100g,280,1176 kJ,
SlicedCheese,Muenster Cheese,100g,368,1546 kJ,
SlicedCheese,Pepper Cheese,100g,100,420 kJ,
SlicedCheese,Sandwich Cheese,100g,148,622 kJ,
SlicedCheese,Smoked Cheese,100g,410,1722 kJ,
SlicedCheese,Tilsit,100g,340,1428 kJ,
SlicedCheese,White American,100g,148,622 kJ,
SlicedCheese,White Cheddar,100g,403,1693 kJ,
SlicedCheese,Young Gouda,100g,356,1495 kJ,
Yogurt,Activia,100g,74,311 kJ,
Yogurt,Activia Lemon,100g,100,420 kJ,
Yogurt,Activia Strawberry,100g,97,407 kJ,
Yogurt,Aloe Vera Yogurt,100g,85,357 kJ,
Yogurt,Ayran,100ml,42,176 kJ,
Yogurt,Bircher Muesli Yogurt,100g,109,458 kJ,
Yogurt,Blueberry Yogurt,100g,105,441 kJ,
Yogurt,Cherry Yogurt,100g,97,407 kJ,
Yogurt,Chocolate Yogurt,100g,128,538 kJ,
Yogurt,Cream Yogurt,100g,124,521 kJ,
Yogurt,Creamy Yogurt,100g,90,378 kJ,
Yogurt,Diet Yogurt,100g,54,227 kJ,
Yogurt,Fruit Yogurt,100g,97,407 kJ,
Yogurt,Greek Yogurt,100g,53,223 kJ,
Yogurt,Low-Fat Yogurt,100g,63,265 kJ,
Yogurt,Mocca Yogurt,100g,100,420 kJ,
Yogurt,Organic Yogurt,100g,75,315 kJ,
Yogurt,Peach Yogurt,100g,97,407 kJ,
Yogurt,Plain Yogurt,100g,61,256 kJ,
Yogurt,Probiotic Yogurt,100g,80,336 kJ,
Yogurt,Skim Milk Yogurt,100g,56,235 kJ,
Yogurt,Stracciatella Yogurt,100g,139,584 kJ,
Yogurt,Strawberry Yogurt,100g,100,420 kJ,
Yogurt,Vanilla Yogurt,100g,101,424 kJ,
Yogurt,Yogurt,100g,61,256 kJ,
Yogurt,Yogurt Corner,100g,119,500 kJ,
Yogurt,Yoplait Boston Cream Pie,100g,90,378 kJ,
Yogurt,Yoplait French Vanilla,100g,100,420 kJ,
Yogurt,Yoplait Greek Blueberry,100g,100,420 kJ,
Yogurt,Yoplait Greek Coconut,100g,100,420 kJ,
Yogurt,Yoplait Greek Strawberry,100g,100,420 kJ,
Yogurt,Yoplait Greek Vanilla,100g,100,420 kJ,
Yogurt,Yoplait Harvest Peach,100g,100,420 kJ,
Yogurt,Yoplait Key Lime Pie,100g,100,420 kJ,
Yogurt,Yoplait Mango,100g,100,420 kJ,
Yogurt,Yoplait Mixed Berry,100g,100,420 kJ,
Yogurt,Yoplait Pina Colada,100g,100,420 kJ,
Yogurt,Yoplait Strawberry,100g,100,420 kJ,
Yogurt,Yoplait Strawberry Banana,100g,100,420 kJ,
Yogurt,Yoplait Strawberry Cheesecake,100g,100,420 kJ,125.0
Beef&Veal,Beef,100g,171,718 kJ,
Beef&Veal,Beef Brisket,100g,137,575 kJ,
Beef&Veal,Beef Fillet,100g,189,794 kJ,
Beef&Veal,Beef Goulash,100g,123,517 kJ,
Beef&Veal,Beef Minute Steak,100g,133,559 kJ,
Beef&Veal,Beef Neck,100g,213,895 kJ,
Beef&Veal,Beef Pancreas,100g,271,1138 kJ,
Beef&Veal,Beef Patty,100g,247,1037 kJ,
Beef&Veal,Beef Prime Rib,100g,404,1697 kJ,
Beef&Veal,Beef Ribs,100g,196,823 kJ,
Beef&Veal,Beef Sirloin,100g,182,764 kJ,
Beef&Veal,Beef Suet,100g,854,3587 kJ,
Beef&Veal,Beef Tallow,100g,902,3788 kJ,
Beef&Veal,Beef Thymus,100g,319,1340 kJ,
Beef&Veal,Beef Tripe,100g,94,395 kJ,
Beef&Veal,Chuck Roast,100g,141,592 kJ,
Beef&Veal,Chuck Steak,100g,137,575 kJ,
Beef&Veal,Filet Mignon,100g,207,869 kJ,
Beef&Veal,Flank Steak,100g,194,815 kJ,
Beef&Veal,Ground Beef,100g,241,1012 kJ,
Beef&Veal,Ground Chuck,100g,250,1050 kJ,
Beef&Veal,Ground Round,100g,212,890 kJ,
Beef&Veal,Minced Veal,100g,143,601 kJ,
Beef&Veal,Porterhouse Steak,100g,247,1037 kJ,
Beef&Veal,Rib Eye Steak,100g,217,911 kJ,
Beef&Veal,Roast Beef,100g,187,785 kJ,
Beef&Veal,Rump Steak,100g,171,718 kJ,
Beef&Veal,Skirt Steak,100g,205,861 kJ,
Beef&Veal,Stew Beef,100g,191,802 kJ,
Beef&Veal,Strip Steak,100g,117,491 kJ,
Beef&Veal,T-Bone-Steak,100g,221,928 kJ,
Beef&Veal,Veal,100g,282,1184 kJ,
Beef&Veal,Veal Breast,100g,282,1184 kJ,
Beef&Veal,Veal Leg,100g,211,886 kJ,
Beef&Veal,Veal Roast Beef,100g,175,735 kJ,
Beef&Veal,Veal Shank,100g,177,743 kJ,
Beef&Veal,Veal Shoulder,100g,183,769 kJ,
Beef&Veal,Veal Sirloin,100g,204,857 kJ,
Beef&Veal,Veal Tenderloin,100g,217,911 kJ,
ColdCuts&LunchMeat,Baked Ham,100g,343,1441 kJ,
ColdCuts&LunchMeat,Beef Salami,100g,375,1575 kJ,
ColdCuts&LunchMeat,Boiled Ham,100g,126,529 kJ,
ColdCuts&LunchMeat,Bologna,100g,247,1037 kJ,
ColdCuts&LunchMeat,Bresaola,100g,178,748 kJ,
ColdCuts&LunchMeat,Capicola,100g,110,462 kJ,
ColdCuts&LunchMeat,Chicken Breast Fillet,100g,79,332 kJ,170.0
ColdCuts&LunchMeat,Chopped Ham,100g,180,756 kJ,
ColdCuts&LunchMeat,Chorizo,100g,455,1911 kJ,
ColdCuts&LunchMeat,Corned Beef,100g,251,1054 kJ,
ColdCuts&LunchMeat,Dutch Loaf,100g,268,1126 kJ,
ColdCuts&LunchMeat,Ham,100g,145,609 kJ,
ColdCuts&LunchMeat,Ham Sausage,100g,164,689 kJ,
ColdCuts&LunchMeat,Head Cheese,100g,157,659 kJ,
ColdCuts&LunchMeat,Hickory Ham,100g,188,790 kJ,
ColdCuts&LunchMeat,Honey Ham,100g,122,512 kJ,
ColdCuts&LunchMeat,Liverwurst,100g,326,1369 kJ,
ColdCuts&LunchMeat,Olive Loaf,100g,232,974 kJ,
ColdCuts&LunchMeat,Oven-Roasted Turkey Breast,100g,104,437 kJ,
ColdCuts&LunchMeat,Parma Ham,100g,345,1449 kJ,
ColdCuts&LunchMeat,Pastrami,100g,133,559 kJ,
ColdCuts&LunchMeat,Pepperoni,100g,494,2075 kJ,
ColdCuts&LunchMeat,Pimento Loaf,100g,265,1113 kJ,
ColdCuts&LunchMeat,Pork Roast,100g,247,1037 kJ,
ColdCuts&LunchMeat,Prosciutto,100g,195,819 kJ,
ColdCuts&LunchMeat,Roast Beef,100g,267,1121 kJ,
ColdCuts&LunchMeat,Salami,100g,336,1411 kJ,
ColdCuts&LunchMeat,Serrano Ham,100g,300,1260 kJ,
ColdCuts&LunchMeat,Smoked Ham,100g,107,449 kJ,
ColdCuts&LunchMeat,Smoked Turkey Breast,100g,104,437 kJ,
ColdCuts&LunchMeat,Summer Sausage,100g,298,1252 kJ,
ColdCuts&LunchMeat,Tongue,100g,284,1193 kJ,
ColdCuts&LunchMeat,Turkey Breast,100g,104,437 kJ,
ColdCuts&LunchMeat,Turkey Ham,100g,126,529 kJ,
ColdCuts&LunchMeat,Turkey Salami,100g,152,638 kJ,
Meat,Alligator,100g,232,974 kJ,
Meat,Beef,100g,248,1042 kJ,
Meat,Beef Brisket,100g,242,1016 kJ,
Meat,Beef Jerky,100g,410,1722 kJ,
Meat,Beef Ribs,100g,238,1000 kJ,
Meat,Beef Tenderloin,100g,218,916 kJ,
Meat,Chicken,100g,219,920 kJ,
Meat,Chicken Breast,100g,172,722 kJ,170.0
Meat,Chicken Drumstick,100g,185,777 kJ,
Meat,Chicken Fat,100g,898,3772 kJ,
Meat,Chicken Giblets,100g,158,664 kJ,
Meat,Chicken Gizzards,100g,146,613 kJ,
Meat,Chicken Leg,100g,174,731 kJ,
Meat,Chicken Liver,100g,167,701 kJ,
Meat,Chicken Meat,100g,172,722 kJ,
Meat,Chicken Thigh,100g,229,962 kJ,
Meat,Chicken Wing,100g,266,1117 kJ,
Meat,Chuck Steak,100g,277,1163 kJ,
Meat,Cubed Steak,100g,199,836 kJ,
Meat,Duck,100g,337,1415 kJ,
Meat,Filet Mignon,100g,267,1121 kJ,
Meat,Flank Steak,100g,194,815 kJ,
Meat,Flat Iron Steak,100g,137,575 kJ,
Meat,Ground Beef,100g,246,1033 kJ,
Meat,Ground Round,100g,246,1033 kJ,
Meat,Ham,100g,163,685 kJ,
Meat,New York Strip Steak,100g,199,836 kJ,
Meat,Ostrich,100g,145,609 kJ,
Meat,Pork,100g,196,823 kJ,
Meat,Pork Baby Back Ribs,100g,212,890 kJ,
Meat,Pork Chops,100g,196,823 kJ,
Meat,Pork Country-Style Ribs,100g,247,1037 kJ,
Meat,Pork Loin,100g,204,857 kJ,
Meat,Pork Roast,100g,254,1067 kJ,
Meat,Pork Steaks,100g,196,823 kJ,
Meat,Roast Beef,100g,140,588 kJ,
Meat,Round Steak,100g,182,764 kJ,
Meat,Schnitzel,100g,156,655 kJ,
Meat,Spare Ribs,100g,238,1000 kJ,
Meat,Standing Rib Roast,100g,333,1399 kJ,
Meat,T-Bone Steak,100g,202,848 kJ,
Meat,Turkey,100g,189,794 kJ,
Meat,Turkey Breast,100g,135,567 kJ,
Meat,Turkey Legs,100g,208,874 kJ,
Meat,Turkey Steak,100g,189,794 kJ,
Meat,Turkey Wings,100g,221,928 kJ,
Offal&Giblets,Beef Brain,100g,196,823 kJ,
Offal&Giblets,Beef Heart,100g,165,693 kJ,
Offal&Giblets,Beef Kidney,100g,158,664 kJ,
Offal&Giblets,Beef Liver,100g,191,802 kJ,
Offal&Giblets,Beef Lung,100g,120,504 kJ,
Offal&Giblets,Beef Melt,100g,271,1138 kJ,
Offal&Giblets,Beef Tongue,100g,284,1193 kJ,
Offal&Giblets,Calf Brain,100g,136,571 kJ,
Offal&Giblets,Calf Liver,100g,192,806 kJ,
Offal&Giblets,Calf Lung,100g,104,437 kJ,
Offal&Giblets,Calf Melt,100g,256,1075 kJ,
Offal&Giblets,Chicken Giblets,100g,277,1163 kJ,
Offal&Giblets,Chicken Heart,100g,185,777 kJ,
Offal&Giblets,Chicken Liver,100g,172,722 kJ,
Offal&Giblets,Chicken Stomach,100g,148,622 kJ,
Offal&Giblets,Chitterlings,100g,233,979 kJ,
Offal&Giblets,Duck Liver,100g,136,571 kJ,
Offal&Giblets,Goose Liver,100g,133,559 kJ,
Offal&Giblets,Hog Maws,100g,157,659 kJ,
Offal&Giblets,Pig Brain,100g,138,580 kJ,
Offal&Giblets,Pig Heart,100g,148,622 kJ,
Offal&Giblets,Pig Kidney,100g,151,634 kJ,
Offal&Giblets,Pig Lung,100g,99,416 kJ,
Offal&Giblets,Pork Liver,100g,165,693 kJ,
Offal&Giblets,Pork Melt,100g,219,920 kJ,
Offal&Giblets,Pork Tongue,100g,271,1138 kJ,
Offal&Giblets,Turkey Giblets,100g,173,727 kJ,
Offal&Giblets,Turkey Heart,100g,174,731 kJ,
Offal&Giblets,Turkey Liver,100g,189,794 kJ,
Offal&Giblets,Turkey Stomach,100g,148,622 kJ,
Offal&Giblets,Veal Heart,100g,186,781 kJ,
Offal&Giblets,Veal Kidney,100g,163,685 kJ,
Offal&Giblets,Veal Tongue,100g,202,848 kJ,
Pork,Bacon,100g,407,1709 kJ,
Pork,Brawn,100g,309,1298 kJ,
Pork,Canadian-Style Bacon,100g,107,449 kJ,
Pork,Chitterlings,100g,233,979 kJ,
Pork,Ground Pork,100g,263,1105 kJ,
Pork,Hog Maws,100g,250,1050 kJ,
Pork,Lard,100g,898,3772 kJ,
Pork,Meatloaf,100g,89,374 kJ,
Pork,Parma Ham,100g,261,1096 kJ,
Pork,Pig Ear,100g,166,697 kJ,
Pork,Pig Fat,100g,638,2680 kJ,
Pork,Pig’s Tail,100g,396,1663 kJ,
Pork,Pig’s Trotter,100g,243,1021 kJ,
Pork,Pork Bacon,100g,407,1709 kJ,
Pork,Pork Belly,100g,518,2176 kJ,
Pork,Pork Blade Steak,100g,232,974 kJ,
Pork,Pork Chop,100g,123,517 kJ,
Pork,Pork Country-Style Ribs,100g,133,559 kJ,
Pork,Pork Crown Roast,100g,212,890 kJ,
Pork,Pork Cutlet,100g,131,550 kJ,
Pork,Pork Cutlets,100g,131,550 kJ,
Pork,Pork Leg,100g,201,844 kJ,
Pork,Pork Loin,100g,143,601 kJ,
Pork,Pork Meatloaf,100g,243,1021 kJ,
Pork,Pork Ragout,100g,73,307 kJ,
Pork,Pork Rib Roast,100g,159,668 kJ,
Pork,Pork Ribs,100g,292,1226 kJ,
Pork,Pork Roast,100g,194,815 kJ,
Pork,Pork Sausage,100g,339,1424 kJ,
Pork,Pork Shank,100g,172,722 kJ,
Pork,Pork Shoulder,100g,269,1130 kJ,
Pork,Pork Shoulder Blade,100g,232,974 kJ,
Pork,Pork Stomach,100g,250,1050 kJ,
Pork,Rack of Pork,100g,241,1012 kJ,
Pork,Salt Meat,100g,286,1201 kJ,
Pork,Salt Pork,100g,286,1201 kJ,
Pork,Serrano Ham,100g,339,1424 kJ,
Pork,Spare Ribs,100g,396,1663 kJ,
Pork,Spareribs,100g,238,1000 kJ,
Poultry&Fowl,Capon,100g,229,962 kJ,
Poultry&Fowl,Chicken,100g,219,920 kJ,
Poultry&Fowl,Chicken Breast,100g,172,722 kJ,170.0
Poultry&Fowl,Chicken Drumsticks,100g,185,777 kJ,
Poultry&Fowl,Chicken Gizzards,100g,154,647 kJ,
Poultry&Fowl,Chicken Legs,100g,174,731 kJ,
Poultry&Fowl,Chicken Thighs,100g,229,962 kJ,
Poultry&Fowl,Chicken Wings,100g,266,1117 kJ,100.0
Poultry&Fowl,Cornish Hens,100g,259,1088 kJ,
Poultry&Fowl,Dove,100g,213,895 kJ,
Poultry&Fowl,Duck,100g,337,1415 kJ,
Poultry&Fowl,Duck Breast,100g,201,844 kJ,
Poultry&Fowl,Emu,100g,152,638 kJ,
Poultry&Fowl,Goose,100g,305,1281 kJ,
Poultry&Fowl,Guinea-Fowl,100g,158,664 kJ,
Poultry&Fowl,Ostrich,100g,145,609 kJ,
Poultry&Fowl,Ostrich Meat,100g,145,609 kJ,
Poultry&Fowl,Pheasant,100g,239,1004 kJ,
Poultry&Fowl,Pheasant Breast,100g,133,559 kJ,
Poultry&Fowl,Pheasant Leg,100g,239,1004 kJ,
Poultry&Fowl,Pigeon,100g,142,596 kJ,
Poultry&Fowl,Poularde,100g,200,840 kJ,
Poultry&Fowl,Quail,100g,227,953 kJ,
Poultry&Fowl,Quail Breast,100g,123,517 kJ,
Poultry&Fowl,Rhea,100g,160,672 kJ,
Poultry&Fowl,Turkey,100g,189,794 kJ,
Poultry&Fowl,Turkey Breast,100g,135,567 kJ,
Poultry&Fowl,Turkey Cutlet,100g,189,794 kJ,
Poultry&Fowl,Turkey Drumsticks,100g,208,874 kJ,
Poultry&Fowl,Turkey Legs,100g,208,874 kJ,
Poultry&Fowl,Turkey Steak,100g,189,794 kJ,
Poultry&Fowl,Turkey Wings,100g,221,928 kJ,
Poultry&Fowl,Wild Duck,100g,211,886 kJ,
Sausage,Andouille,100g,232,974 kJ,
Sausage,Bacon,100g,407,1709 kJ,
Sausage,Black Pudding,100g,379,1592 kJ,
Sausage,Blood Sausage,100g,379,1592 kJ,
Sausage,Bockwurst,100g,301,1264 kJ,
Sausage,Boiled Ham,100g,104,437 kJ,
Sausage,Bologna,100g,247,1037 kJ,
Sausage,Boudin,100g,194,815 kJ,
Sausage,Bratwurst,100g,297,1247 kJ,150.0
Sausage,Brawn,100g,157,659 kJ,
Sausage,Breakfast Sausage Links,100g,339,1424 kJ,
Sausage,Cheese Pastry,100g,374,1571 kJ,
Sausage,Chicken Breast,100g,79,332 kJ,170.0
Sausage,Chicken Meat,100g,79,332 kJ,
Sausage,Chicken Salad,100g,81,340 kJ,
Sausage,Chorizo,100g,455,1911 kJ,
Sausage,Cooked Ham,100g,133,559 kJ,
Sausage,Corned Beef,100g,153,643 kJ,
Sausage,Cumberland Sausage,100g,250,1050 kJ,
Sausage,Frankfurters,100g,305,1281 kJ,
Sausage,Garlic Sausage,100g,169,710 kJ,
Sausage,Hot Dogs,100g,278,1168 kJ,150.0
Sausage,Hot Sausage,100g,259,1088 kJ,
Sausage,Italian Sausage,100g,149,626 kJ,
Sausage,Jerky,100g,410,1722 kJ,
Sausage,Kielbasa,100g,309,1298 kJ,
Sausage,Knackwurst,100g,307,1289 kJ,
Sausage,Landjaeger,100g,352,1478 kJ,
Sausage,Linguica,100g,282,1184 kJ,
Sausage,Liver Pate,100g,319,1340 kJ,
Sausage,Liverwurst,100g,326,1369 kJ,
Sausage,Luncheon Meat,100g,117,491 kJ,
Sausage,Mettwurst,100g,310,1302 kJ,
Sausage,Mortadella,100g,311,1306 kJ,
Sausage,Pastrami,100g,133,559 kJ,
Sausage,Pepperoni,100g,494,2075 kJ,
Sausage,Polish Sausage,100g,301,1264 kJ,
Sausage,Pork,100g,247,1037 kJ,
Sausage,Pork Roll,100g,302,1268 kJ,
Sausage,Prosciutto,100g,195,819 kJ,
Sausage,Ring Bologna,100g,286,1201 kJ,
Sausage,Salami,100g,336,1411 kJ,
Sausage,Sausage,100g,230,966 kJ,
Sausage,Smoked Sausage,100g,301,1264 kJ,
Sausage,Souse,100g,157,659 kJ,
Sausage,Spam,100g,315,1323 kJ,
Sausage,Weisswurst,100g,313,1315 kJ,
Pasta&Noodles,Cellophane Noodles,100g,351,1474 kJ,
Pasta&Noodles,Cheese Tortellini,100g,291,1222 kJ,
Pasta&Noodles,Dampfnudel,100g,274,1151 kJ,
Pasta&Noodles,Dumpling Dough,100g,99,416 kJ,
Pasta&Noodles,Durum Wheat Semolina,100g,397,1667 kJ,
Pasta&Noodles,Egg Noodles,100g,384,1613 kJ,
Pasta&Noodles,Farfalle,100g,358,1504 kJ,
Pasta&Noodles,Fettuccine,100g,353,1483 kJ,
Pasta&Noodles,Fusilli,100g,352,1478 kJ,
Pasta&Noodles,Glass Noodles,100g,192,806 kJ,
Pasta&Noodles,Lasagne Sheets,100g,271,1138 kJ,
Pasta&Noodles,Linguine,100g,357,1499 kJ,
Pasta&Noodles,Macaroni,100g,370,1554 kJ,
Pasta&Noodles,Manicotti,100g,357,1499 kJ,
Pasta&Noodles,Mostaccioli,100g,184,773 kJ,
Pasta&Noodles,Orecchiette,100g,370,1554 kJ,
Pasta&Noodles,Orzo,100g,357,1499 kJ,
Pasta&Noodles,Penne,100g,351,1474 kJ,
Pasta&Noodles,Penne Rigate,100g,370,1554 kJ,
Pasta&Noodles,Pierogi,100g,200,840 kJ,
Pasta&Noodles,Ravioli,100g,77,323 kJ,
Pasta&Noodles,Rigatoni,100g,353,1483 kJ,
Pasta&Noodles,Rotini,100g,353,1483 kJ,
Pasta&Noodles,Shells,100g,353,1483 kJ,
Pasta&Noodles,Shirataki Noodles,100g,18,76 kJ,
Pasta&Noodles,Soy Noodles,100g,216,907 kJ,
Pasta&Noodles,Spaetzle,100g,368,1546 kJ,
Pasta&Noodles,Spaghetti,100g,370,1554 kJ,
Pasta&Noodles,Spinach Tortellini,100g,314,1319 kJ,
Pasta&Noodles,Spirelli,100g,367,1541 kJ,
Pasta&Noodles,Tagliatelle,100g,370,1554 kJ,
Dishes&Meals,BBQ Ribs,100g,255,1071 kJ,220.0
Dishes&Meals,Beef Stew,100g,95,399 kJ,
Dishes&Meals,Biryani,100g,176,739 kJ,
Dishes&Meals,Black Pudding,100g,253,1063 kJ,
Dishes&Meals,Black Rice,100g,323,1357 kJ,
Dishes&Meals,BLT,100g,247,1037 kJ,
Dishes&Meals,Brown Rice,100g,362,1520 kJ,
Dishes&Meals,Burrito,100g,163,685 kJ,
Dishes&Meals,Butter Chicken,100g,140,588 kJ,
Dishes&Meals,California Roll,100g,93,391 kJ,
Dishes&Meals,Chicken Caesar Salad,100g,127,533 kJ,
Dishes&Meals,Chicken Fried Steak,100g,151,634 kJ,
Dishes&Meals,Chicken Marsala,100g,96,403 kJ,
Dishes&Meals,Chicken Parmesan,100g,110,462 kJ,
Dishes&Meals,Chicken Pot Pie,100g,223,937 kJ,
Dishes&Meals,Chicken Tikka Masala,100g,81,340 kJ,
Dishes&Meals,Chili con Carne,100g,105,441 kJ,
Dishes&Meals,Chimichanga,100g,232,974 kJ,
Dishes&Meals,Cobb Salad,100g,118,496 kJ,
Dishes&Meals,Collard Greens,100g,28,118 kJ,
Dishes&Meals,Corn Dog,100g,250,1050 kJ,
Dishes&Meals,Corned Beef Hash,100g,164,689 kJ,
Dishes&Meals,Cottage Pie,100g,139,584 kJ,
Dishes&Meals,Dal,100g,330,1386 kJ,
Dishes&Meals,Deviled Eggs,100g,201,844 kJ,
Dishes&Meals,Dim Sum,100g,193,811 kJ,
Dishes&Meals,Dosa,100g,66,277 kJ,
Dishes&Meals,Enchiladas,100g,168,706 kJ,
Dishes&Meals,Fajita,100g,117,491 kJ,
Dishes&Meals,Fish and Chips,100g,195,819 kJ,
Dishes&Meals,Fried Rice,100g,186,781 kJ,
Dishes&Meals,Fried Shrimp,100g,277,1163 kJ,
Dishes&Meals,Grilled Cheese Sandwich,100g,288,1210 kJ,
Dishes&Meals,Ham and Cheese Sandwich,100g,241,1012 kJ,200.0
Dishes&Meals,Hummus,100g,177,743 kJ,
Dishes&Meals,Jambalaya,100g,100,420 kJ,
Dishes&Meals,Kebab,100g,215,903 kJ,
Dishes&Meals,Lasagne,100g,132,554 kJ,
Dishes&Meals,Mac and Cheese,100g,370,1554 kJ,
Dishes&Meals,Macaroni and Cheese,100g,370,1554 kJ,
Dishes&Meals,Mashed Potatoes,100g,83,349 kJ,
Dishes&Meals,Meat Pie,100g,242,1016 kJ,
Dishes&Meals,Meatloaf,100g,254,1067 kJ,
Dishes&Meals,Naan,100g,310,1302 kJ,
Dishes&Meals,Orange Chicken,100g,259,1088 kJ,
Dishes&Meals,Pad Thai,100g,150,630 kJ,
Dishes&Meals,Paella,100g,156,655 kJ,
Dishes&Meals,Paratha,100g,325,1365 kJ,
Dishes&Meals,Pea Soup,100g,75,315 kJ,
Dishes&Meals,Peanut Butter Sandwich,100g,408,1714 kJ,
Dishes&Meals,Peking Duck,100g,225,945 kJ,
Dishes&Meals,Philly Cheese Steak,100g,250,1050 kJ,
Dishes&Meals,Pizza,100g,267,1121 kJ,120.0
Dishes&Meals,Pork Chop,100g,225,945 kJ,
Dishes&Meals,Potato Salad,100g,143,601 kJ,
Dishes&Meals,Pulled Pork Sandwich,100g,211,886 kJ,
Dishes&Meals,Ramen,100g,447,1877 kJ,
Dishes&Meals,Ravioli,100g,203,853 kJ,
Dishes&Meals,Reuben Sandwich,100g,208,874 kJ,
Dishes&Meals,Roast Beef,100g,111,466 kJ,
Dishes&Meals,Roast Dinner,100g,198,832 kJ,
Dishes&Meals,Samosa,100g,214,899 kJ,
Dishes&Meals,Sausage Roll,100g,350,1470 kJ,130.0
Dishes&Meals,Sausage Rolls,100g,297,1247 kJ,130.0
Dishes&Meals,Shepherds Pie,100g,70,294 kJ,
Dishes&Meals,Shrimp Cocktail,100g,464,1949 kJ,
Dishes&Meals,Sloppy Joe,100g,71,298 kJ,
Dishes&Meals,Sloppy Joes,100g,154,647 kJ,
Dishes&Meals,Spaghetti Bolognese,100g,132,554 kJ,
Dishes&Meals,Spring Roll,100g,250,1050 kJ,
Dishes&Meals,Spring Rolls,100g,250,1050 kJ,
Dishes&Meals,Taco,100g,217,911 kJ,
Dishes&Meals,Tandoori Chicken,100g,113,475 kJ,
Dishes&Meals,Yorkshire Pudding,100g,553,2323 kJ,
"Pastries,Breads&Rolls",Apple Pie,100g,237,995 kJ,155.0
"Pastries,Breads&Rolls",Apple Turnover,100g,348,1462 kJ,
"Pastries,Breads&Rolls",Bagel,100g,257,1079 kJ,105.0
"Pastries,Breads&Rolls",Baguette,100g,274,1151 kJ,
"Pastries,Breads&Rolls",Banana Bread,100g,326,1369 kJ,100.0
"Pastries,Breads&Rolls",Banana Nut Bread,100g,326,1369 kJ,
"Pastries,Breads&Rolls",Beer Bread,100g,227,953 kJ,
"Pastries,Breads&Rolls",Biscuit,100g,269,1130 kJ,
"Pastries,Breads&Rolls",Black Bread,100g,250,1050 kJ,
"Pastries,Breads&Rolls",Bran Muffins,100g,270,1134 kJ,113.0
"Pastries,Breads&Rolls",Bread Pudding,100g,153,643 kJ,
"Pastries,Breads&Rolls",Breadsticks,100g,400,1680 kJ,
"Pastries,Breads&Rolls",Brioche,100g,346,1453 kJ,
"Pastries,Breads&Rolls",Brown Bread,100g,246,1033 kJ,
"Pastries,Breads&Rolls",Brownies,100g,405,1701 kJ,60.0
"Pastries,Breads&Rolls",Bun,100g,316,1327 kJ,
"Pastries,Breads&Rolls",Cannoli,100g,254,1067 kJ,
"Pastries,Breads&Rolls",Caramel Cake,100g,385,1617 kJ,
"Pastries,Breads&Rolls",Challah,100g,283,1189 kJ,
"Pastries,Breads&Rolls",Chapati,100g,240,1008 kJ,
"Pastries,Breads&Rolls",Ciabatta,100g,271,1138 kJ,
"Pastries,Breads&Rolls",Cinnamon Bun,100g,436,1831 kJ,
"Pastries,Breads&Rolls",Coffee Cake,100g,418,1756 kJ,
"Pastries,Breads&Rolls",Conchas/Mexican Sweet Bread,100g,353,1483 kJ,
"Pastries,Breads&Rolls",Cornbread,100g,179,752 kJ,
"Pastries,Breads&Rolls",Crepes,100g,224,941 kJ,
"Pastries,Breads&Rolls",Croissant,100g,406,1705 kJ,60.0
"Pastries,Breads&Rolls",Crumpet,100g,178,748 kJ,
"Pastries,Breads&Rolls",Cupcakes,100g,305,1281 kJ,80.0
"Pastries,Breads&Rolls",Donut/Doughnut,100g,421,1768 kJ,75.0
"Pastries,Breads&Rolls",Dosa,100g,209,878 kJ,
"Pastries,Breads&Rolls",Empanada,100g,335,1407 kJ,
"Pastries,Breads&Rolls",English Muffin,100g,227,953 kJ,113.0
"Pastries,Breads&Rolls",Flatbread,100g,311,1306 kJ,
"Pastries,Breads&Rolls",Focaccia,100g,249,1046 kJ,
"Pastries,Breads&Rolls",Garlic Bread,100g,350,1470 kJ,
"Pastries,Breads&Rolls",Hot Dog Buns,100g,279,1172 kJ,150.0
"Pastries,Breads&Rolls",Italian Bread,100g,271,1138 kJ,
"Pastries,Breads&Rolls",Latkes,100g,189,794 kJ,
"Pastries,Breads&Rolls",Matzo Bread,100g,351,1474 kJ,
"Pastries,Breads&Rolls",Monkey Bread,100g,290,1218 kJ,
"Pastries,Breads&Rolls",Muffin,100g,296,1243 kJ,113.0
"Pastries,Breads&Rolls",Multi-Grain Bread,100g,265,1113 kJ,
"Pastries,Breads&Rolls",Naan,100g,275,1155 kJ,
"Pastries,Breads&Rolls",Oatmeal Cookies,100g,450,1890 kJ,
"Pastries,Breads&Rolls",Oatmeal Raisin Cookies,100g,435,1827 kJ,
"Pastries,Breads&Rolls",Pan de Sal,100g,293,1231 kJ,
"Pastries,Breads&Rolls",Pancake,100g,233,979 kJ,100.0
"Pastries,Breads&Rolls",Pandesal,100g,293,1231 kJ,
"Pastries,Breads&Rolls",Panettone,100g,318,1336 kJ,
"Pastries,Breads&Rolls",Pide,100g,268,1126 kJ,
"Pastries,Breads&Rolls",Pie,100g,237,995 kJ,
"Pastries,Breads&Rolls",Pita Bread,100g,275,1155 kJ,
"Pastries,Breads&Rolls",Potato Bread,100g,266,1117 kJ,
"Pastries,Breads&Rolls",Pretzel,100g,338,1420 kJ,
"Pastries,Breads&Rolls",Pretzel Roll,100g,338,1420 kJ,
"Pastries,Breads&Rolls",Puff Pastry,100g,558,2344 kJ,
"Pastries,Breads&Rolls",Pumpernickel,100g,250,1050 kJ,
"Pastries,Breads&Rolls",Raisin Bread,100g,274,1151 kJ,
"Pastries,Breads&Rolls",Roll,100g,316,1327 kJ,
"Pastries,Breads&Rolls",Roti,100g,264,1109 kJ,
"Pastries,Breads&Rolls",Rye Bread,100g,259,1088 kJ,
"Pastries,Breads&Rolls",Sandwich,100g,304,1277 kJ,
"Pastries,Breads&Rolls",Sandwich Bread,100g,251,1054 kJ,
"Pastries,Breads&Rolls",Scone,100g,362,1520 kJ,
"Pastries,Breads&Rolls",Shortcrust Pastry,100g,544,2285 kJ,
"Pastries,Breads&Rolls",Soda Bread,100g,290,1218 kJ,
"Pastries,Breads&Rolls",Soufflé,100g,204,857 kJ,
"Pastries,Breads&Rolls",Sourdough Bread,100g,289,1214 kJ,
"Pastries,Breads&Rolls",Spanakopita,100g,246,1033 kJ,
"Pastries,Breads&Rolls",Spice Cake,100g,332,1394 kJ,
"Pastries,Breads&Rolls",Sweet Rolls,100g,333,1399 kJ,
"Pastries,Breads&Rolls",Swiss Roll,100g,313,1315 kJ,
"Pastries,Breads&Rolls",Toast,100g,261,1096 kJ,40.0
"Pastries,Breads&Rolls",Tortilla,100g,297,1247 kJ,
"Pastries,Breads&Rolls",Tortilla Bread,100g,265,1113 kJ,
"Pastries,Breads&Rolls",White Bread,100g,238,1000 kJ,
"Pastries,Breads&Rolls",Whole Wheat Bread,100g,247,1037 kJ,